{"inventory":{"success":true,"inventory":{"1141874039_0":{"id":"3508865686601213180","name":"Blue Hoodie","amount":"1","price":"$0.09","icon_url":"https:\/\/steamcommunity-a.akamaihd.net\/economy\/image\/6TMcQ7eX6E0EZl2byXi7vaVKyDk_zQLX05x6eLCFM9neAckxGDf7qU2e2gu64OnAeQ7835Ja5WXNfCk4nReh8DEiv5daOak7pLQyR_C4ytcrC4I"},"1217055316_0":{"id":"3508865686601213179","name":"Cloth","amount":"24","price":"$0.11","icon_url":"https:\/\/steamcommunity-a.akamaihd.net\/economy\/image\/6TMcQ7eX6E0EZl2byXi7vaVKyDk_zQLX05x6eLCFM9neAckxGDf7qU2e2gu64OnAeQ7835Je5GHEfCk4nReh8DEiv5dYMKA5pLYzRv6605EYJLk"}}}}